<NotepadPlus>
    <Session activeView="0">
        <mainView activeIndex="5">
            <File firstVisibleLine="10" xOffset="0" scrollWidth="3933" startPos="1338" endPos="1338" selMode="0" lang="PHP" encoding="-1" filename="\\192.168.0.101\htdocs\fingerprint\live_att.php" backupFilePath="" originalFileLastModifTimestamp="1499281377" />
            <File firstVisibleLine="0" xOffset="0" scrollWidth="1512" startPos="80" endPos="98" selMode="0" lang="PHP" encoding="-1" filename="\\192.168.0.101\htdocs\fingerprint\myapp.php" backupFilePath="" originalFileLastModifTimestamp="1499149613" />
            <File firstVisibleLine="94" xOffset="0" scrollWidth="1458" startPos="3098" endPos="3098" selMode="0" lang="PHP" encoding="-1" filename="\\192.168.0.101\htdocs\myapp.php" backupFilePath="" originalFileLastModifTimestamp="1499287891" />
            <File firstVisibleLine="25" xOffset="0" scrollWidth="639" startPos="0" endPos="0" selMode="0" lang="PHP" encoding="-1" filename="\\192.168.0.101\htdocs\fingerprint\home.php" backupFilePath="" originalFileLastModifTimestamp="1499175871" />
            <File firstVisibleLine="103" xOffset="0" scrollWidth="2097" startPos="3045" endPos="3045" selMode="0" lang="PHP" encoding="-1" filename="\\192.168.0.101\htdocs\fingerprint\attendees.php" backupFilePath="" originalFileLastModifTimestamp="1499280579" />
            <File firstVisibleLine="54" xOffset="0" scrollWidth="1980" startPos="2416" endPos="2416" selMode="0" lang="PHP" encoding="-1" filename="\\192.168.0.101\htdocs\fingerprint\report.php" backupFilePath="" originalFileLastModifTimestamp="1499288261" />
            <File firstVisibleLine="0" xOffset="0" scrollWidth="2061" startPos="0" endPos="0" selMode="0" lang="PHP" encoding="-1" filename="\\192.168.0.101\htdocs\fingerprint\model\dbFunctions.php" backupFilePath="" originalFileLastModifTimestamp="1498817573" />
            <File firstVisibleLine="0" xOffset="0" scrollWidth="1809" startPos="385" endPos="406" selMode="0" lang="PHP" encoding="-1" filename="\\192.168.0.101\htdocs\fingerprint\model\dbconnect.php" backupFilePath="" originalFileLastModifTimestamp="1499176118" />
            <File firstVisibleLine="15" xOffset="0" scrollWidth="4383" startPos="1959" endPos="1941" selMode="0" lang="PHP" encoding="-1" filename="E:\patience\xampp\htdocs\2016\PATI\search\apps\presantation_v2\report-gen.php" backupFilePath="" originalFileLastModifTimestamp="1479583629" />
        </mainView>
        <subView activeIndex="0" />
    </Session>
</NotepadPlus>
